<?xml version="1.0" encoding="UTF-8"?>
<project-private xmlns="http://www.netbeans.org/ns/project-private/1">
    <editor-bookmarks xmlns="http://www.netbeans.org/ns/editor-bookmarks/2" lastBookmarkId="0"/>
    <open-files xmlns="http://www.netbeans.org/ns/projectui-open-files/2">
        <group name="IT-EPD5"/>
        <group>
            <file>file:/C:/Users/Alvaro/Desktop/P1/src/java/Compras/action/AgregarLibrosAction.java</file>
            <file>file:/C:/Users/Alvaro/Desktop/P1/src/java/struts.xml</file>
            <file>file:/C:/Users/Alvaro/Desktop/P1/src/java/Libreria/Editorial.hbm.xml</file>
            <file>file:/C:/Users/Alvaro/Desktop/P1/src/java/Libreria/HibernateUtil.java</file>
            <file>file:/C:/Users/Alvaro/Desktop/P1/web/vistas/Compra.jsp</file>
            <file>file:/C:/Users/Alvaro/Desktop/P1/web/WEB-INF/web.xml</file>
            <file>file:/C:/Users/Alvaro/Desktop/P1/src/java/hibernate.reveng.xml</file>
            <file>file:/C:/Users/Alvaro/Desktop/P1/src/java/Compras/action/SeleccionarLibrosAction.java</file>
            <file>file:/C:/Users/Alvaro/Desktop/P1/src/java/Libreria/Libro.hbm.xml</file>
            <file>file:/C:/Users/Alvaro/Desktop/P1/src/java/Compras/action/ComprarLibrosAction.java</file>
            <file>file:/C:/Users/Alvaro/Desktop/P1/src/java/Libreria/Almacen.java</file>
            <file>file:/C:/Users/Alvaro/Desktop/P1/src/java/Libreria/Editorial.java</file>
            <file>file:/C:/Users/Alvaro/Desktop/P1/src/java/hibernate.cfg.xml</file>
            <file>file:/C:/Users/Alvaro/Desktop/P1/web/META-INF/context.xml</file>
            <file>file:/C:/Users/Alvaro/Desktop/P1/web/vistas/CarroCompra.jsp</file>
            <file>file:/C:/Users/Alvaro/Desktop/P1/src/java/Libreria/Libro.java</file>
            <file>file:/C:/Users/Alvaro/Desktop/P1/web/index.jsp</file>
            <file>file:/C:/Users/Alvaro/Desktop/P1/web/vistas/Tienda.jsp</file>
        </group>
    </open-files>
</project-private>
