<?xml version="1.0" encoding="UTF-8"?>
<!DOCTYPE hibernate-mapping PUBLIC "-//Hibernate/Hibernate Mapping DTD 3.0//EN" "http://www.hibernate.org/dtd/hibernate-mapping-3.0.dtd">
<!-- Generated 25-mar-2018 12:07:02 by Hibernate Tools 4.3.1 -->
<hibernate-mapping>
  <class catalog="ALMACEN" name="Libreria.Editorial" optimistic-lock="version" table="editorial">
    <id name="id" type="java.lang.Integer">
      <column name="id"/>
      <generator class="identity"/>
    </id>
    <property name="nombre" type="string">
      <column length="100" name="nombre" not-null="true"/>
    </property>
  </class>
</hibernate-mapping>
