<?xml version="1.0" encoding="UTF-8"?>
<!DOCTYPE hibernate-mapping PUBLIC "-//Hibernate/Hibernate Mapping DTD 3.0//EN" "http://www.hibernate.org/dtd/hibernate-mapping-3.0.dtd">
<!-- Generated 25-mar-2018 12:07:02 by Hibernate Tools 4.3.1 -->
<hibernate-mapping>
  <class catalog="ALMACEN" name="Libreria.Libro" optimistic-lock="version" table="libro">
    <id name="id" type="int">
      <column name="id"/>
      <generator class="assigned"/>
    </id>
    <property name="autor" type="string">
      <column length="100" name="autor" not-null="true"/>
    </property>
    <property name="titulo" type="string">
      <column length="100" name="titulo" not-null="true"/>
    </property>
    <property name="precio" type="float">
      <column name="precio" not-null="true" precision="12" scale="0"/>
    </property>
    <property name="isbn" type="int">
      <column name="isbn" not-null="true"/>
    </property>
    <property name="editorial" type="int">
      <column name="editorial" not-null="true"/>
    </property>
  </class>
</hibernate-mapping>
