<!DOCTYPE struts PUBLIC
"-//Apache Software Foundation//DTD Struts Configuration 2.0//EN"
"http://struts.apache.org/dtds/struts-2.0.dtd">

<struts>
   <include file="aparcamiento.xml" />
   
    <package name="default" extends="struts-default">
        <action name="">
            <result type="chain">
                
                <param name="actionName">inicio</param>
                
                <param name="namespace">/aparcamiento</param>
            </result>
        </action>
    </package>
</struts>
