<?xml version="1.0" encoding="UTF-8"?>
<project-private xmlns="http://www.netbeans.org/ns/project-private/1">
    <editor-bookmarks xmlns="http://www.netbeans.org/ns/editor-bookmarks/2" lastBookmarkId="0"/>
    <open-files xmlns="http://www.netbeans.org/ns/projectui-open-files/2">
        <group>
            <file>file:/Users/jalc/Documents/GitHub/epds_grupo08_IT/epd03/p4/web/index.jsp</file>
            <file>file:/Users/jalc/Documents/GitHub/epds_grupo08_IT/epd03/p4/src/java/Controlador/ParkingServlet.java</file>
            <file>file:/Users/jalc/Documents/GitHub/epds_grupo08_IT/epd03/p4/web/Vista2.jsp</file>
        </group>
    </open-files>
</project-private>
