<!DOCTYPE struts PUBLIC
"-//Apache Software Foundation//DTD Struts Configuration 2.0//EN"
"http://struts.apache.org/dtds/struts-2.0.dtd">

<struts>
    <!-- Configuration for the default package. -->
    <package name="default" extends="struts-default">
      
    </package>
    
    <package name="compras" namespace="/" extends="struts-default">
        <action name="seleccionarLibrosAction" class="Compras.action.SeleccionarLibrosAction">
            <result name="success">/vistas/Tienda.jsp</result>
        </action>
        <action name="agregarLibrosAction" class="Compras.action.AgregarLibrosAction">
            <result name="success">/vistas/Tienda.jsp</result>
        </action>
        <action name="comprarLibrosAction" class="Compras.action.ComprarLibrosAction">
            <result name="success">/vistas/Compra.jsp</result>
        </action>
    </package>
</struts>
