<!DOCTYPE struts PUBLIC
"-//Apache Software Foundation//DTD Struts Configuration 2.0//EN"
"http://struts.apache.org/dtds/struts-2.0.dtd">

<struts>
    <!-- Configuration for the default package. -->
    <package name="default" extends="struts-default">

    </package>
    
    <package name="acciones" extends="struts-default">
        
        <action name="">
            
            <result>/Vistas/loginIndex.jsp</result>
                     
        </action>
        
        
        <action name="loginIndex" class="Actions.LoginCheck">
            
            <result name="success">/Vistas/datosOk.jsp</result>
            <result name="input">/Vistas/loginIndex.jsp</result>
            
        </action>
        
    </package>
</struts>
